<?xml version="1.0" encoding="UTF-8"?>
<beans xmlns="http://www.springframework.org/schema/beans" xmlns:xsi="http://www.w3.org/2001/XMLSchema-instance"
  xsi:schemaLocation="http://www.springframework.org/schema/beans http://www.springframework.org/schema/beans/spring-beans.xsd">

  <!-- Root Context: defines shared resources visible to all other web components -->
  <!-- Service Beans : Starts -->
  <bean id="loginService" class="com.mindtree.hms.service.LoginServiceImpl">
    <property name="loginDAO" ref="loginDAO"></property>
  </bean>

  <bean id="registrationService" class="com.mindtree.hms.service.RegistrationServiceImpl">
    <property name="registrationDAO" ref="registrationDAO"></property>
  </bean>

  <bean id="reservationService" class="com.mindtree.hms.service.ReservationServiceImpl">
    <property name="reserveDAO" ref="reserveDAO"></property>
  </bean>

  <!-- Service Beans : Ends -->

  <!-- DAO Beans : Starts -->
  <bean id="loginDAO" class="com.mindtree.hms.dao.LoginDAOImpl"></bean>

  <bean id="registrationDAO" class="com.mindtree.hms.dao.RegistrationDAOImpl"></bean>
  
  <bean id="reserveDAO" class="com.mindtree.hms.dao.ReservationDAOImpl"></bean>

  <!-- DAO Beans : Ends -->

  <!-- Model Beans : Starts -->
  <bean id="loginVO" class="com.mindtree.hms.model.LoginVO"></bean>

  <bean id="registrationVO" class="com.mindtree.hms.model.RegistrationVO"></bean>
  
  <bean id="reservationVO" class="com.mindtree.hms.model.ReservationVO"></bean>

  <!-- Model Beans : Ends -->
</beans>